d,D,p,Nt,Na,Lf,y,F,Seqv_max,Referencia
13.0,111.5,13.0,58,7.25,355.8,0.37829,10498.25,2780000000.0,2458888F87
13.0,111.5,13.0,58,7.25,355.8,0.36883,10379.77,2800000000.0,2458888F87
13.0,111.5,13.0,58,7.25,355.8,0.35938,10026.89,2590000000.0,2458888F87
13.0,111.5,13.0,58,7.25,355.8,0.34992,9763.96,2490000000.0,2458888F87
13.0,111.5,13.0,58,7.25,355.8,0.34046,9305.04,2510000000.0,2458888F87
13.0,111.5,13.0,58,7.25,355.8,0.331,9365.1,2340000000.0,2458888F87
13.0,111.5,13.0,58,7.25,355.8,0.32155,8985.22,2300000000.0,2458888F87
13.0,111.5,13.0,58,7.25,355.8,0.30761,8572.0,2100000000.0,2458888F87
13.0,111.5,13.0,58,7.25,355.8,0.29367,8189.71,2180000000.0,2458888F87
13.0,111.5,13.0,58,7.25,355.8,0.27974,8051.4,2130000000.0,2458888F87
13.0,111.5,13.0,58,7.25,355.8,0.2658,7468.46,1930000000.0,2458888F87
13.0,111.5,13.0,58,7.25,355.8,0.25186,7025.79,1890000000.0,2458888F87
13.0,111.5,13.0,58,7.25,355.8,0.23792,6696.52,1720000000.0,2458888F87
13.0,111.5,13.0,58,7.25,355.8,0.22399,6221.75,1620000000.0,2458888F87
13.0,111.5,13.0,58,7.25,355.8,0.21005,5863.38,1540000000.0,2458888F87
13.0,111.5,13.0,58,7.25,355.8,0.19611,5491.08,1460000000.0,2458888F87
13.0,111.5,13.0,58,7.25,355.8,0.18218,5047.9,1370000000.0,2458888F87
13.0,111.5,13.0,58,7.25,355.8,0.16824,4852.63,1320000000.0,2458888F87
13.0,111.5,13.0,58,7.25,355.8,0.1543,4339.8,1170000000.0,2458888F87
13.0,111.5,13.0,58,7.25,355.8,0.14037,3899.45,973000000.0,2458888F87
13.0,111.5,13.0,58,7.25,355.8,0.12643,3575.53,922000000.0,2458888F87
13.0,111.5,13.0,58,7.25,355.8,0.11249,3114.44,795000000.0,2458888F87
13.0,111.5,13.0,58,7.25,355.8,0.0986,2734.55,719000000.0,2458888F87
13.0,111.5,13.0,58,7.25,355.8,0.0846,2388.52,643000000.0,2458888F87
13.0,111.5,13.0,58,7.25,355.8,0.0707,2001.31,536000000.0,2458888F87
13.0,111.5,13.0,58,7.25,355.8,0.0567,1589.14,409000000.0,2458888F87
13.0,111.5,13.0,58,7.25,355.8,0.0279,770.39,209000000.0,2458888F87
13.0,111.5,13.0,58,7.25,355.8,0.001,28.01,7250000.0,2458888F87
13.0,110.0,13.0,58,7.25,370.0,0.3648,10748.89,2900000000.0,E2E0CC085E
13.0,110.0,13.0,58,7.25,370.0,0.35568,10388.22,2770000000.0,E2E0CC085E
13.0,110.0,13.0,58,7.25,370.0,0.34656,10165.78,2580000000.0,E2E0CC085E
13.0,110.0,13.0,58,7.25,370.0,0.33744,9898.23,2680000000.0,E2E0CC085E
13.0,110.0,13.0,58,7.25,370.0,0.32832,9592.6,2600000000.0,E2E0CC085E
13.0,110.0,13.0,58,7.25,370.0,0.3192,9085.07,2410000000.0,E2E0CC085E
13.0,110.0,13.0,58,7.25,370.0,0.31008,9070.81,2330000000.0,E2E0CC085E
13.0,110.0,13.0,58,7.25,370.0,0.29731,8697.72,2120000000.0,E2E0CC085E
13.0,110.0,13.0,58,7.25,370.0,0.28454,8298.29,2170000000.0,E2E0CC085E
13.0,110.0,13.0,58,7.25,370.0,0.27178,8060.78,2060000000.0,E2E0CC085E
13.0,110.0,13.0,58,7.25,370.0,0.25901,7509.0,1920000000.0,E2E0CC085E
13.0,110.0,13.0,58,7.25,370.0,0.24624,7262.91,1900000000.0,E2E0CC085E
13.0,110.0,13.0,58,7.25,370.0,0.23347,6787.7,1790000000.0,E2E0CC085E
13.0,110.0,13.0,58,7.25,370.0,0.2207,6456.93,1720000000.0,E2E0CC085E
13.0,110.0,13.0,58,7.25,370.0,0.20794,6034.82,1550000000.0,E2E0CC085E
13.0,110.0,13.0,58,7.25,370.0,0.19517,5681.94,1410000000.0,E2E0CC085E
13.0,110.0,13.0,58,7.25,370.0,0.1824,5346.92,1400000000.0,E2E0CC085E
13.0,110.0,13.0,58,7.25,370.0,0.16963,4958.2,1280000000.0,E2E0CC085E
13.0,110.0,13.0,58,7.25,370.0,0.15686,4519.88,1160000000.0,E2E0CC085E
13.0,110.0,13.0,58,7.25,370.0,0.1441,4197.16,1060000000.0,E2E0CC085E
13.0,110.0,13.0,58,7.25,370.0,0.13133,3832.22,1000000000.0,E2E0CC085E
13.0,110.0,13.0,58,7.25,370.0,0.11856,3530.6,919000000.0,E2E0CC085E
13.0,110.0,13.0,58,7.25,370.0,0.10579,3100.02,801000000.0,E2E0CC085E
13.0,110.0,13.0,58,7.25,370.0,0.093,2666.71,690000000.0,E2E0CC085E
13.0,110.0,13.0,58,7.25,370.0,0.0803,2347.11,653000000.0,E2E0CC085E
13.0,110.0,13.0,58,7.25,370.0,0.0675,1968.72,515000000.0,E2E0CC085E
13.0,110.0,13.0,58,7.25,370.0,0.0547,1598.78,400000000.0,E2E0CC085E
13.0,110.0,13.0,58,7.25,370.0,0.0269,794.03,210000000.0,E2E0CC085E
13.0,110.0,13.0,58,7.25,370.0,0.001,29.46,7420000.0,E2E0CC085E
12.5,105.0,14.5,52,6.5,340.0,0.2945,9568.45,2780000000.0,2A3490E138
12.5,105.0,14.5,52,6.5,340.0,0.28714,9118.94,2550000000.0,2A3490E138
12.5,105.0,14.5,52,6.5,340.0,0.27977,8919.83,2550000000.0,2A3490E138
12.5,105.0,14.5,52,6.5,340.0,0.27241,8877.12,2540000000.0,2A3490E138
12.5,105.0,14.5,52,6.5,340.0,0.26505,8493.04,2340000000.0,2A3490E138
12.5,105.0,14.5,52,6.5,340.0,0.25769,8309.96,2230000000.0,2A3490E138
12.5,105.0,14.5,52,6.5,340.0,0.25032,8063.49,2180000000.0,2A3490E138
12.5,105.0,14.5,52,6.5,340.0,0.24002,7737.94,2140000000.0,2A3490E138
12.5,105.0,14.5,52,6.5,340.0,0.22971,7331.39,1990000000.0,2A3490E138
12.5,105.0,14.5,52,6.5,340.0,0.2194,7004.63,1980000000.0,2A3490E138
12.5,105.0,14.5,52,6.5,340.0,0.20909,6769.39,1920000000.0,2A3490E138
12.5,105.0,14.5,52,6.5,340.0,0.19879,6456.07,1940000000.0,2A3490E138
12.5,105.0,14.5,52,6.5,340.0,0.18848,6019.35,1670000000.0,2A3490E138
12.5,105.0,14.5,52,6.5,340.0,0.17817,5626.48,1620000000.0,2A3490E138
12.5,105.0,14.5,52,6.5,340.0,0.16786,5448.32,1480000000.0,2A3490E138
12.5,105.0,14.5,52,6.5,340.0,0.15756,5079.36,1470000000.0,2A3490E138
12.5,105.0,14.5,52,6.5,340.0,0.14725,4728.6,1350000000.0,2A3490E138
12.5,105.0,14.5,52,6.5,340.0,0.13694,4395.34,1180000000.0,2A3490E138
12.5,105.0,14.5,52,6.5,340.0,0.12663,4099.99,1190000000.0,2A3490E138
12.5,105.0,14.5,52,6.5,340.0,0.11633,3754.54,1020000000.0,2A3490E138
12.5,105.0,14.5,52,6.5,340.0,0.10602,3371.39,907000000.0,2A3490E138
12.5,105.0,14.5,52,6.5,340.0,0.0957,3090.27,893000000.0,2A3490E138
12.5,105.0,14.5,52,6.5,340.0,0.0854,2748.01,787000000.0,2A3490E138
12.5,105.0,14.5,52,6.5,340.0,0.0751,2385.27,667000000.0,2A3490E138
12.5,105.0,14.5,52,6.5,340.0,0.0648,2047.45,557000000.0,2A3490E138
12.5,105.0,14.5,52,6.5,340.0,0.0545,1760.97,487000000.0,2A3490E138
12.5,105.0,14.5,52,6.5,340.0,0.0442,1432.5,405000000.0,2A3490E138
12.5,105.0,14.5,52,6.5,340.0,0.0216,710.58,198000000.0,2A3490E138
12.5,105.0,14.5,52,6.5,340.0,0.001,31.59,8790000.0,2A3490E138
11.0,95.0,12.0,48,6.0,305.0,0.21185,6119.83,2250000000.0,7E4A1FC957
11.0,95.0,12.0,48,6.0,305.0,0.20655,5804.55,2150000000.0,7E4A1FC957
11.0,95.0,12.0,48,6.0,305.0,0.20126,5690.7,2070000000.0,7E4A1FC957
11.0,95.0,12.0,48,6.0,305.0,0.19596,5540.9,1920000000.0,7E4A1FC957
11.0,95.0,12.0,48,6.0,305.0,0.19066,5376.69,1980000000.0,7E4A1FC957
11.0,95.0,12.0,48,6.0,305.0,0.18537,5198.49,1890000000.0,7E4A1FC957
11.0,95.0,12.0,48,6.0,305.0,0.18007,5030.12,1810000000.0,7E4A1FC957
11.0,95.0,12.0,48,6.0,305.0,0.17266,4740.08,1730000000.0,7E4A1FC957
11.0,95.0,12.0,48,6.0,305.0,0.16524,4695.09,1710000000.0,7E4A1FC957
11.0,95.0,12.0,48,6.0,305.0,0.15783,4463.96,1590000000.0,7E4A1FC957
11.0,95.0,12.0,48,6.0,305.0,0.15041,4172.2,1500000000.0,7E4A1FC957
11.0,95.0,12.0,48,6.0,305.0,0.143,3977.79,1410000000.0,7E4A1FC957
11.0,95.0,12.0,48,6.0,305.0,0.13558,3827.75,1480000000.0,7E4A1FC957
11.0,95.0,12.0,48,6.0,305.0,0.12817,3578.19,1250000000.0,7E4A1FC957
11.0,95.0,12.0,48,6.0,305.0,0.12075,3416.11,1200000000.0,7E4A1FC957
11.0,95.0,12.0,48,6.0,305.0,0.11334,3147.74,1180000000.0,7E4A1FC957
11.0,95.0,12.0,48,6.0,305.0,0.10592,2972.12,1070000000.0,7E4A1FC957
11.0,95.0,12.0,48,6.0,305.0,0.0985,2770.54,1010000000.0,7E4A1FC957
11.0,95.0,12.0,48,6.0,305.0,0.0911,2608.63,941000000.0,7E4A1FC957
11.0,95.0,12.0,48,6.0,305.0,0.0837,2330.38,846000000.0,7E4A1FC957
11.0,95.0,12.0,48,6.0,305.0,0.0763,2134.62,800000000.0,7E4A1FC957
11.0,95.0,12.0,48,6.0,305.0,0.0689,1896.54,707000000.0,7E4A1FC957
11.0,95.0,12.0,48,6.0,305.0,0.0614,1717.34,647000000.0,7E4A1FC957
11.0,95.0,12.0,48,6.0,305.0,0.054,1517.57,567000000.0,7E4A1FC957
11.0,95.0,12.0,48,6.0,305.0,0.0466,1304.77,487000000.0,7E4A1FC957
11.0,95.0,12.0,48,6.0,305.0,0.0392,1119.83,403000000.0,7E4A1FC957
11.0,95.0,12.0,48,6.0,305.0,0.0318,892.15,324000000.0,7E4A1FC957
11.0,95.0,12.0,48,6.0,305.0,0.0154,439.39,160000000.0,7E4A1FC957
11.0,95.0,12.0,48,6.0,305.0,0.001,27.9,10100000.0,7E4A1FC957
9.5,75.0,10.0,40,5.0,260.0,0.114,4368.88,2050000000.0,291B28B2A6
9.5,75.0,10.0,40,5.0,260.0,0.11115,4187.38,1900000000.0,291B28B2A6
9.5,75.0,10.0,40,5.0,260.0,0.1083,4109.97,1840000000.0,291B28B2A6
9.5,75.0,10.0,40,5.0,260.0,0.10545,4091.9,1900000000.0,291B28B2A6
9.5,75.0,10.0,40,5.0,260.0,0.1026,3862.91,1820000000.0,291B28B2A6
9.5,75.0,10.0,40,5.0,260.0,0.0998,3884.28,1830000000.0,291B28B2A6
9.5,75.0,10.0,40,5.0,260.0,0.0969,3638.75,1640000000.0,291B28B2A6
9.5,75.0,10.0,40,5.0,260.0,0.0931,3594.97,1610000000.0,291B28B2A6
9.5,75.0,10.0,40,5.0,260.0,0.0893,3420.21,1600000000.0,291B28B2A6
9.5,75.0,10.0,40,5.0,260.0,0.0855,3229.98,1480000000.0,291B28B2A6
9.5,75.0,10.0,40,5.0,260.0,0.0817,3014.32,1340000000.0,291B28B2A6
9.5,75.0,10.0,40,5.0,260.0,0.0779,2962.9,1310000000.0,291B28B2A6
9.5,75.0,10.0,40,5.0,260.0,0.0741,2871.63,1260000000.0,291B28B2A6
9.5,75.0,10.0,40,5.0,260.0,0.0703,2668.81,1230000000.0,291B28B2A6
9.5,75.0,10.0,40,5.0,260.0,0.0665,2572.26,1130000000.0,291B28B2A6
9.5,75.0,10.0,40,5.0,260.0,0.0627,2418.62,1110000000.0,291B28B2A6
9.5,75.0,10.0,40,5.0,260.0,0.0589,2223.87,1030000000.0,291B28B2A6
9.5,75.0,10.0,40,5.0,260.0,0.0551,2105.2,947000000.0,291B28B2A6
9.5,75.0,10.0,40,5.0,260.0,0.0513,1957.48,886000000.0,291B28B2A6
9.5,75.0,10.0,40,5.0,260.0,0.0475,1813.28,847000000.0,291B28B2A6
9.5,75.0,10.0,40,5.0,260.0,0.0437,1692.75,746000000.0,291B28B2A6
9.5,75.0,10.0,40,5.0,260.0,0.0399,1553.88,670000000.0,291B28B2A6
9.5,75.0,10.0,40,5.0,260.0,0.0361,1374.44,640000000.0,291B28B2A6
9.5,75.0,10.0,40,5.0,260.0,0.0323,1235.09,555000000.0,291B28B2A6
9.5,75.0,10.0,40,5.0,260.0,0.0285,1084.47,489000000.0,291B28B2A6
9.5,75.0,10.0,40,5.0,260.0,0.0247,936.28,440000000.0,291B28B2A6
9.5,75.0,10.0,40,5.0,260.0,0.0209,799.78,359000000.0,291B28B2A6
9.5,75.0,10.0,40,5.0,260.0,0.0171,657.91,304000000.0,291B28B2A6
9.5,75.0,10.0,40,5.0,260.0,0.00805,309.45,144000000.0,291B28B2A6
9.5,75.0,10.0,40,5.0,260.0,0.001,37.81,17000000.0,291B28B2A6
10.0,82.0,10.5,42,5.25,275.0,0.13775,4787.14,2140000000.0,A231453037
10.0,82.0,10.5,42,5.25,275.0,0.13362,4530.22,1950000000.0,A231453037
10.0,82.0,10.5,42,5.25,275.0,0.12949,4439.03,1810000000.0,A231453037
10.0,82.0,10.5,42,5.25,275.0,0.12535,4284.03,1890000000.0,A231453037
10.0,82.0,10.5,42,5.25,275.0,0.12122,4166.95,1720000000.0,A231453037
10.0,82.0,10.5,42,5.25,275.0,0.11709,3959.9,1730000000.0,A231453037
10.0,82.0,10.5,42,5.25,275.0,0.11142,3824.91,1520000000.0,A231453037
10.0,82.0,10.5,42,5.25,275.0,0.10574,3518.74,1500000000.0,A231453037
10.0,82.0,10.5,42,5.25,275.0,0.10007,3393.73,1430000000.0,A231453037
10.0,82.0,10.5,42,5.25,275.0,0.0944,3207.12,1410000000.0,A231453037
10.0,82.0,10.5,42,5.25,275.0,0.0887,3030.0,1300000000.0,A231453037
10.0,82.0,10.5,42,5.25,275.0,0.0831,2795.33,1070000000.0,A231453037
10.0,82.0,10.5,42,5.25,275.0,0.0774,2669.53,1210000000.0,A231453037
10.0,82.0,10.5,42,5.25,275.0,0.0717,2437.99,1050000000.0,A231453037
10.0,82.0,10.5,42,5.25,275.0,0.066,2260.18,1010000000.0,A231453037
10.0,82.0,10.5,42,5.25,275.0,0.0604,2077.68,899000000.0,A231453037
10.0,82.0,10.5,42,5.25,275.0,0.0547,1866.91,798000000.0,A231453037
10.0,82.0,10.5,42,5.25,275.0,0.049,1648.3,695000000.0,A231453037
10.0,82.0,10.5,42,5.25,275.0,0.0434,1491.99,632000000.0,A231453037
10.0,82.0,10.5,42,5.25,275.0,0.0377,1285.95,529000000.0,A231453037
10.0,82.0,10.5,42,5.25,275.0,0.032,1096.75,447000000.0,A231453037
10.0,82.0,10.5,42,5.25,275.0,0.0263,900.99,382000000.0,A231453037
10.0,82.0,10.5,42,5.25,275.0,0.0207,692.6,305000000.0,A231453037
10.0,82.0,10.5,42,5.25,275.0,0.00983,334.84,151000000.0,A231453037
10.0,82.0,10.5,42,5.25,275.0,0.001,34.62,14400000.0,A231453037
9.0,70.0,9.5,38,4.75,250.0,0.0874,3465.1,1750000000.0,70A37DE886
9.0,70.0,9.5,38,4.75,250.0,0.0848,3348.34,1680000000.0,70A37DE886
9.0,70.0,9.5,38,4.75,250.0,0.0822,3308.6,1710000000.0,70A37DE886
9.0,70.0,9.5,38,4.75,250.0,0.0795,3178.39,1610000000.0,70A37DE886
9.0,70.0,9.5,38,4.75,250.0,0.0769,3014.32,1480000000.0,70A37DE886
9.0,70.0,9.5,38,4.75,250.0,0.0743,2944.13,1500000000.0,70A37DE886
9.0,70.0,9.5,38,4.75,250.0,0.0709,2821.07,1460000000.0,70A37DE886
9.0,70.0,9.5,38,4.75,250.0,0.0675,2696.65,1360000000.0,70A37DE886
9.0,70.0,9.5,38,4.75,250.0,0.0641,2606.78,1330000000.0,70A37DE886
9.0,70.0,9.5,38,4.75,250.0,0.0607,2403.19,1280000000.0,70A37DE886
9.0,70.0,9.5,38,4.75,250.0,0.0573,2305.81,1230000000.0,70A37DE886
9.0,70.0,9.5,38,4.75,250.0,0.0539,2140.91,1110000000.0,70A37DE886
9.0,70.0,9.5,38,4.75,250.0,0.0505,1978.95,1020000000.0,70A37DE886
9.0,70.0,9.5,38,4.75,250.0,0.0471,1870.01,904000000.0,70A37DE886
9.0,70.0,9.5,38,4.75,250.0,0.0437,1755.75,837000000.0,70A37DE886
9.0,70.0,9.5,38,4.75,250.0,0.0403,1571.99,801000000.0,70A37DE886
9.0,70.0,9.5,38,4.75,250.0,0.0369,1475.86,765000000.0,70A37DE886
9.0,70.0,9.5,38,4.75,250.0,0.0335,1342.2,706000000.0,70A37DE886
9.0,70.0,9.5,38,4.75,250.0,0.0301,1205.54,605000000.0,70A37DE886
9.0,70.0,9.5,38,4.75,250.0,0.0267,1061.21,530000000.0,70A37DE886
9.0,70.0,9.5,38,4.75,250.0,0.0233,929.57,453000000.0,70A37DE886
9.0,70.0,9.5,38,4.75,250.0,0.0199,794.37,399000000.0,70A37DE886
9.0,70.0,9.5,38,4.75,250.0,0.0165,658.31,334000000.0,70A37DE886
9.0,70.0,9.5,38,4.75,250.0,0.0131,508.56,249000000.0,70A37DE886
9.0,70.0,9.5,38,4.75,250.0,0.00605,240.53,121000000.0,70A37DE886
9.0,70.0,9.5,38,4.75,250.0,0.001,39.87,20300000.0,70A37DE886
10.5,88.0,11.0,44,5.5,285.0,0.16815,5385.22,2120000000.0,6D8B1D1763
10.5,88.0,11.0,44,5.5,285.0,0.16395,5226.68,2100000000.0,6D8B1D1763
10.5,88.0,11.0,44,5.5,285.0,0.15974,5061.07,1990000000.0,6D8B1D1763
10.5,88.0,11.0,44,5.5,285.0,0.15554,4987.06,2000000000.0,6D8B1D1763
10.5,88.0,11.0,44,5.5,285.0,0.15133,4880.93,1860000000.0,6D8B1D1763
10.5,88.0,11.0,44,5.5,285.0,0.14713,4639.53,1900000000.0,6D8B1D1763
10.5,88.0,11.0,44,5.5,285.0,0.14293,4592.41,1770000000.0,6D8B1D1763
10.5,88.0,11.0,44,5.5,285.0,0.13704,4456.8,1760000000.0,6D8B1D1763
10.5,88.0,11.0,44,5.5,285.0,0.13116,4249.78,1680000000.0,6D8B1D1763
10.5,88.0,11.0,44,5.5,285.0,0.12527,4094.45,1700000000.0,6D8B1D1763
10.5,88.0,11.0,44,5.5,285.0,0.11939,3813.79,1550000000.0,6D8B1D1763
10.5,88.0,11.0,44,5.5,285.0,0.1135,3658.29,1500000000.0,6D8B1D1763
10.5,88.0,11.0,44,5.5,285.0,0.10762,3413.1,1370000000.0,6D8B1D1763
10.5,88.0,11.0,44,5.5,285.0,0.10173,3292.37,1230000000.0,6D8B1D1763
10.5,88.0,11.0,44,5.5,285.0,0.0958,3033.09,1120000000.0,6D8B1D1763
10.5,88.0,11.0,44,5.5,285.0,0.09,2873.18,1160000000.0,6D8B1D1763
10.5,88.0,11.0,44,5.5,285.0,0.0841,2732.92,1080000000.0,6D8B1D1763
10.5,88.0,11.0,44,5.5,285.0,0.0782,2544.78,961000000.0,6D8B1D1763
10.5,88.0,11.0,44,5.5,285.0,0.0723,2276.08,895000000.0,6D8B1D1763
10.5,88.0,11.0,44,5.5,285.0,0.0664,2135.22,840000000.0,6D8B1D1763
10.5,88.0,11.0,44,5.5,285.0,0.0605,1898.5,746000000.0,6D8B1D1763
10.5,88.0,11.0,44,5.5,285.0,0.0546,1727.27,694000000.0,6D8B1D1763
10.5,88.0,11.0,44,5.5,285.0,0.0488,1567.36,600000000.0,6D8B1D1763
10.5,88.0,11.0,44,5.5,285.0,0.0429,1366.1,521000000.0,6D8B1D1763
10.5,88.0,11.0,44,5.5,285.0,0.037,1183.94,480000000.0,6D8B1D1763
10.5,88.0,11.0,44,5.5,285.0,0.0311,986.39,394000000.0,6D8B1D1763
10.5,88.0,11.0,44,5.5,285.0,0.0252,803.46,309000000.0,6D8B1D1763
10.5,88.0,11.0,44,5.5,285.0,0.0121,387.44,148000000.0,6D8B1D1763
10.5,88.0,11.0,44,5.5,285.0,0.001,31.85,12100000.0,6D8B1D1763
14.0,120.0,15.0,60,7.5,380.0,0.437,12635.76,2750000000.0,13BE9FD55F
14.0,120.0,15.0,60,7.5,380.0,0.42607,12466.64,2740000000.0,13BE9FD55F
14.0,120.0,15.0,60,7.5,380.0,0.41515,12166.93,2910000000.0,13BE9FD55F
14.0,120.0,15.0,60,7.5,380.0,0.40423,11787.4,2580000000.0,13BE9FD55F
14.0,120.0,15.0,60,7.5,380.0,0.3933,11533.36,2540000000.0,13BE9FD55F
14.0,120.0,15.0,60,7.5,380.0,0.38238,11195.33,2550000000.0,13BE9FD55F
14.0,120.0,15.0,60,7.5,380.0,0.37145,10869.05,2460000000.0,13BE9FD55F
14.0,120.0,15.0,60,7.5,380.0,0.35688,10466.56,2480000000.0,13BE9FD55F
14.0,120.0,15.0,60,7.5,380.0,0.34232,9994.76,2270000000.0,13BE9FD55F
14.0,120.0,15.0,60,7.5,380.0,0.32775,9676.88,2220000000.0,13BE9FD55F
14.0,120.0,15.0,60,7.5,380.0,0.31318,9134.49,2120000000.0,13BE9FD55F
14.0,120.0,15.0,60,7.5,380.0,0.29862,8664.79,1940000000.0,13BE9FD55F
14.0,120.0,15.0,60,7.5,380.0,0.28405,8250.44,1900000000.0,13BE9FD55F
14.0,120.0,15.0,60,7.5,380.0,0.26948,7982.01,1810000000.0,13BE9FD55F
14.0,120.0,15.0,60,7.5,380.0,0.25492,7467.4,1640000000.0,13BE9FD55F
14.0,120.0,15.0,60,7.5,380.0,0.24035,6985.97,1520000000.0,13BE9FD55F
14.0,120.0,15.0,60,7.5,380.0,0.22578,6465.15,1440000000.0,13BE9FD55F
14.0,120.0,15.0,60,7.5,380.0,0.21122,6164.19,1480000000.0,13BE9FD55F
14.0,120.0,15.0,60,7.5,380.0,0.19665,5846.19,1340000000.0,13BE9FD55F
14.0,120.0,15.0,60,7.5,380.0,0.18208,5440.94,1280000000.0,13BE9FD55F
14.0,120.0,15.0,60,7.5,380.0,0.16752,4805.02,1120000000.0,13BE9FD55F
14.0,120.0,15.0,60,7.5,380.0,0.15295,4508.92,1010000000.0,13BE9FD55F
14.0,120.0,15.0,60,7.5,380.0,0.13838,3993.36,918000000.0,13BE9FD55F
14.0,120.0,15.0,60,7.5,380.0,0.12382,3548.94,801000000.0,13BE9FD55F
14.0,120.0,15.0,60,7.5,380.0,0.10925,3178.17,691000000.0,13BE9FD55F
14.0,120.0,15.0,60,7.5,380.0,0.0947,2804.47,633000000.0,13BE9FD55F
14.0,120.0,15.0,60,7.5,380.0,0.0801,2349.21,545000000.0,13BE9FD55F
14.0,120.0,15.0,60,7.5,380.0,0.0655,1918.57,439000000.0,13BE9FD55F
14.0,120.0,15.0,60,7.5,380.0,0.0323,952.44,219000000.0,13BE9FD55F
14.0,120.0,15.0,60,7.5,380.0,0.001,29.36,6980000.0,13BE9FD55F
9.8,78.0,10.2,41,5.1,268.0,0.12711,4828.37,2040000000.0,84405B551A
9.8,78.0,10.2,41,5.1,268.0,0.1233,4614.03,1940000000.0,84405B551A
9.8,78.0,10.2,41,5.1,268.0,0.11948,4509.29,1790000000.0,84405B551A
9.8,78.0,10.2,41,5.1,268.0,0.11567,4333.23,1860000000.0,84405B551A
9.8,78.0,10.2,41,5.1,268.0,0.11186,4145.52,1840000000.0,84405B551A
9.8,78.0,10.2,41,5.1,268.0,0.10804,4019.86,1760000000.0,84405B551A
9.8,78.0,10.2,41,5.1,268.0,0.1031,3988.16,1640000000.0,84405B551A
9.8,78.0,10.2,41,5.1,268.0,0.0982,3688.62,1580000000.0,84405B551A
9.8,78.0,10.2,41,5.1,268.0,0.0932,3486.96,1540000000.0,84405B551A
9.8,78.0,10.2,41,5.1,268.0,0.0883,3358.79,1490000000.0,84405B551A
9.8,78.0,10.2,41,5.1,268.0,0.0833,3113.32,1450000000.0,84405B551A
9.8,78.0,10.2,41,5.1,268.0,0.0784,2897.75,1220000000.0,84405B551A
9.8,78.0,10.2,41,5.1,268.0,0.0734,2768.63,1200000000.0,84405B551A
9.8,78.0,10.2,41,5.1,268.0,0.0685,2590.48,1180000000.0,84405B551A
9.8,78.0,10.2,41,5.1,268.0,0.0636,2389.0,1040000000.0,84405B551A
9.8,78.0,10.2,41,5.1,268.0,0.0586,2192.72,967000000.0,84405B551A
9.8,78.0,10.2,41,5.1,268.0,0.0537,2013.37,864000000.0,84405B551A
9.8,78.0,10.2,41,5.1,268.0,0.0487,1843.73,823000000.0,84405B551A
9.8,78.0,10.2,41,5.1,268.0,0.0438,1611.35,706000000.0,84405B551A
9.8,78.0,10.2,41,5.1,268.0,0.0388,1457.75,649000000.0,84405B551A
9.8,78.0,10.2,41,5.1,268.0,0.0339,1272.47,573000000.0,84405B551A
9.8,78.0,10.2,41,5.1,268.0,0.029,1082.26,437000000.0,84405B551A
9.8,78.0,10.2,41,5.1,268.0,0.024,913.1,386000000.0,84405B551A
9.8,78.0,10.2,41,5.1,268.0,0.0191,706.22,306000000.0,84405B551A
9.8,78.0,10.2,41,5.1,268.0,0.00903,339.15,151000000.0,84405B551A
9.8,78.0,10.2,41,5.1,268.0,0.001,37.97,16500000.0,84405B551A
10.2,85.0,11.5,43,5.4,280.0,0.15067,4745.23,2060000000.0,1C691ACED1
10.2,85.0,11.5,43,5.4,280.0,0.1469,4792.5,1940000000.0,1C691ACED1
10.2,85.0,11.5,43,5.4,280.0,0.14314,4572.89,1930000000.0,1C691ACED1
10.2,85.0,11.5,43,5.4,280.0,0.13937,4491.59,1930000000.0,1C691ACED1
10.2,85.0,11.5,43,5.4,280.0,0.1356,4391.72,1910000000.0,1C691ACED1
10.2,85.0,11.5,43,5.4,280.0,0.13184,4290.57,1820000000.0,1C691ACED1
10.2,85.0,11.5,43,5.4,280.0,0.12807,4113.4,1690000000.0,1C691ACED1
10.2,85.0,11.5,43,5.4,280.0,0.12221,3937.04,1730000000.0,1C691ACED1
10.2,85.0,11.5,43,5.4,280.0,0.11635,3734.98,1560000000.0,1C691ACED1
10.2,85.0,11.5,43,5.4,280.0,0.11049,3481.41,1480000000.0,1C691ACED1
10.2,85.0,11.5,43,5.4,280.0,0.10463,3448.62,1390000000.0,1C691ACED1
10.2,85.0,11.5,43,5.4,280.0,0.0988,3284.7,1370000000.0,1C691ACED1
10.2,85.0,11.5,43,5.4,280.0,0.0929,2917.72,1200000000.0,1C691ACED1
10.2,85.0,11.5,43,5.4,280.0,0.0871,2843.25,1250000000.0,1C691ACED1
10.2,85.0,11.5,43,5.4,280.0,0.0812,2635.85,1150000000.0,1C691ACED1
10.2,85.0,11.5,43,5.4,280.0,0.0753,2399.6,977000000.0,1C691ACED1
10.2,85.0,11.5,43,5.4,280.0,0.0695,2201.73,898000000.0,1C691ACED1
10.2,85.0,11.5,43,5.4,280.0,0.0636,2066.1,864000000.0,1C691ACED1
10.2,85.0,11.5,43,5.4,280.0,0.0578,1877.77,758000000.0,1C691ACED1
10.2,85.0,11.5,43,5.4,280.0,0.0519,1658.11,693000000.0,1C691ACED1
10.2,85.0,11.5,43,5.4,280.0,0.046,1474.96,637000000.0,1C691ACED1
10.2,85.0,11.5,43,5.4,280.0,0.0402,1286.91,527000000.0,1C691ACED1
10.2,85.0,11.5,43,5.4,280.0,0.0343,1110.81,456000000.0,1C691ACED1
10.2,85.0,11.5,43,5.4,280.0,0.0285,905.99,364000000.0,1C691ACED1
10.2,85.0,11.5,43,5.4,280.0,0.0226,732.38,292000000.0,1C691ACED1
10.2,85.0,11.5,43,5.4,280.0,0.0108,352.98,144000000.0,1C691ACED1
10.2,85.0,11.5,43,5.4,280.0,0.001,32.43,13200000.0,1C691ACED1
10.3,84.0,11.2,44,5.5,282.0,0.16264,5489.02,2090000000.0,2FED7F62BF
10.3,84.0,11.2,44,5.5,282.0,0.15776,5423.07,2170000000.0,2FED7F62BF
10.3,84.0,11.2,44,5.5,282.0,0.15288,5145.2,1980000000.0,2FED7F62BF
10.3,84.0,11.2,44,5.5,282.0,0.148,5029.14,2110000000.0,2FED7F62BF
10.3,84.0,11.2,44,5.5,282.0,0.14312,4867.06,1860000000.0,2FED7F62BF
10.3,84.0,11.2,44,5.5,282.0,0.13824,4701.79,1870000000.0,2FED7F62BF
10.3,84.0,11.2,44,5.5,282.0,0.13192,4376.43,1750000000.0,2FED7F62BF
10.3,84.0,11.2,44,5.5,282.0,0.12559,4272.19,1750000000.0,2FED7F62BF
10.3,84.0,11.2,44,5.5,282.0,0.11927,4141.63,1710000000.0,2FED7F62BF
10.3,84.0,11.2,44,5.5,282.0,0.11294,3840.44,1490000000.0,2FED7F62BF
10.3,84.0,11.2,44,5.5,282.0,0.10662,3728.7,1490000000.0,2FED7F62BF
10.3,84.0,11.2,44,5.5,282.0,0.10029,3419.98,1370000000.0,2FED7F62BF
10.3,84.0,11.2,44,5.5,282.0,0.094,3210.21,1280000000.0,2FED7F62BF
10.3,84.0,11.2,44,5.5,282.0,0.0876,2971.07,1170000000.0,2FED7F62BF
10.3,84.0,11.2,44,5.5,282.0,0.0813,2771.66,1090000000.0,2FED7F62BF
10.3,84.0,11.2,44,5.5,282.0,0.075,2538.7,1020000000.0,2FED7F62BF
10.3,84.0,11.2,44,5.5,282.0,0.0687,2335.31,977000000.0,2FED7F62BF
10.3,84.0,11.2,44,5.5,282.0,0.0623,2069.29,855000000.0,2FED7F62BF
10.3,84.0,11.2,44,5.5,282.0,0.056,1933.79,726000000.0,2FED7F62BF
10.3,84.0,11.2,44,5.5,282.0,0.0497,1688.54,668000000.0,2FED7F62BF
10.3,84.0,11.2,44,5.5,282.0,0.0434,1457.89,570000000.0,2FED7F62BF
10.3,84.0,11.2,44,5.5,282.0,0.037,1249.03,526000000.0,2FED7F62BF
10.3,84.0,11.2,44,5.5,282.0,0.0307,1057.22,439000000.0,2FED7F62BF
10.3,84.0,11.2,44,5.5,282.0,0.0244,837.77,324000000.0,2FED7F62BF
10.3,84.0,11.2,44,5.5,282.0,0.0117,396.75,161000000.0,2FED7F62BF
10.3,84.0,11.2,44,5.5,282.0,0.001,33.68,13800000.0,2FED7F62BF
15.0,135.0,16.0,65,8.0,420.0,0.52725,13558.81,2810000000.0,F9DCEE15F8
15.0,135.0,16.0,65,8.0,420.0,0.51143,12953.87,2570000000.0,F9DCEE15F8
15.0,135.0,16.0,65,8.0,420.0,0.49561,12512.0,2550000000.0,F9DCEE15F8
15.0,135.0,16.0,65,8.0,420.0,0.4798,12352.33,2590000000.0,F9DCEE15F8
15.0,135.0,16.0,65,8.0,420.0,0.46398,11823.4,2490000000.0,F9DCEE15F8
15.0,135.0,16.0,65,8.0,420.0,0.44816,11442.76,2360000000.0,F9DCEE15F8
15.0,135.0,16.0,65,8.0,420.0,0.42766,10699.17,2270000000.0,F9DCEE15F8
15.0,135.0,16.0,65,8.0,420.0,0.40715,10293.76,2180000000.0,F9DCEE15F8
15.0,135.0,16.0,65,8.0,420.0,0.38665,9936.79,2000000000.0,F9DCEE15F8
15.0,135.0,16.0,65,8.0,420.0,0.36615,9387.93,1900000000.0,F9DCEE15F8
15.0,135.0,16.0,65,8.0,420.0,0.34564,8747.67,1810000000.0,F9DCEE15F8
15.0,135.0,16.0,65,8.0,420.0,0.32514,8281.55,1700000000.0,F9DCEE15F8
15.0,135.0,16.0,65,8.0,420.0,0.30463,7634.04,1560000000.0,F9DCEE15F8
15.0,135.0,16.0,65,8.0,420.0,0.28413,7380.93,1390000000.0,F9DCEE15F8
15.0,135.0,16.0,65,8.0,420.0,0.26362,6753.96,1430000000.0,F9DCEE15F8
15.0,135.0,16.0,65,8.0,420.0,0.24312,6091.07,1230000000.0,F9DCEE15F8
15.0,135.0,16.0,65,8.0,420.0,0.22262,5597.58,1210000000.0,F9DCEE15F8
15.0,135.0,16.0,65,8.0,420.0,0.20211,5190.01,1100000000.0,F9DCEE15F8
15.0,135.0,16.0,65,8.0,420.0,0.18161,4618.17,984000000.0,F9DCEE15F8
15.0,135.0,16.0,65,8.0,420.0,0.1611,4091.49,873000000.0,F9DCEE15F8
15.0,135.0,16.0,65,8.0,420.0,0.1406,3565.74,716000000.0,F9DCEE15F8
15.0,135.0,16.0,65,8.0,420.0,0.1201,3105.51,636000000.0,F9DCEE15F8
15.0,135.0,16.0,65,8.0,420.0,0.0996,2506.76,500000000.0,F9DCEE15F8
15.0,135.0,16.0,65,8.0,420.0,0.0791,1990.51,418000000.0,F9DCEE15F8
15.0,135.0,16.0,65,8.0,420.0,0.039,990.68,217000000.0,F9DCEE15F8
15.0,135.0,16.0,65,8.0,420.0,0.001,25.7,5310000.0,F9DCEE15F8
16.0,145.0,17.5,68,8.5,450.0,0.6061,15195.02,2560000000.0,98C6433F07
16.0,145.0,17.5,68,8.5,450.0,0.59095,14707.16,2680000000.0,98C6433F07
16.0,145.0,17.5,68,8.5,450.0,0.57579,14173.84,2610000000.0,98C6433F07
16.0,145.0,17.5,68,8.5,450.0,0.56064,13788.29,2440000000.0,98C6433F07
16.0,145.0,17.5,68,8.5,450.0,0.54549,13805.99,2440000000.0,98C6433F07
16.0,145.0,17.5,68,8.5,450.0,0.53034,13320.85,2290000000.0,98C6433F07
16.0,145.0,17.5,68,8.5,450.0,0.51519,13134.2,2360000000.0,98C6433F07
16.0,145.0,17.5,68,8.5,450.0,0.49397,12348.37,2250000000.0,98C6433F07
16.0,145.0,17.5,68,8.5,450.0,0.47276,11878.56,2050000000.0,98C6433F07
16.0,145.0,17.5,68,8.5,450.0,0.45154,11276.43,2000000000.0,98C6433F07
16.0,145.0,17.5,68,8.5,450.0,0.43033,10565.65,1970000000.0,98C6433F07
16.0,145.0,17.5,68,8.5,450.0,0.40912,10181.46,1860000000.0,98C6433F07
16.0,145.0,17.5,68,8.5,450.0,0.3879,9705.07,1740000000.0,98C6433F07
16.0,145.0,17.5,68,8.5,450.0,0.36669,9338.73,1690000000.0,98C6433F07
16.0,145.0,17.5,68,8.5,450.0,0.34548,8493.64,1520000000.0,98C6433F07
16.0,145.0,17.5,68,8.5,450.0,0.32426,8138.74,1500000000.0,98C6433F07
16.0,145.0,17.5,68,8.5,450.0,0.30305,7486.15,1390000000.0,98C6433F07
16.0,145.0,17.5,68,8.5,450.0,0.28184,6914.6,1300000000.0,98C6433F07
16.0,145.0,17.5,68,8.5,450.0,0.26062,6423.01,1160000000.0,98C6433F07
16.0,145.0,17.5,68,8.5,450.0,0.23941,6042.75,1100000000.0,98C6433F07
16.0,145.0,17.5,68,8.5,450.0,0.2182,5493.81,1010000000.0,98C6433F07
16.0,145.0,17.5,68,8.5,450.0,0.19698,4982.79,932000000.0,98C6433F07
16.0,145.0,17.5,68,8.5,450.0,0.17577,4369.8,807000000.0,98C6433F07
16.0,145.0,17.5,68,8.5,450.0,0.15456,3801.0,688000000.0,98C6433F07
16.0,145.0,17.5,68,8.5,450.0,0.13334,3357.39,611000000.0,98C6433F07
16.0,145.0,17.5,68,8.5,450.0,0.11213,2812.84,507000000.0,98C6433F07
16.0,145.0,17.5,68,8.5,450.0,0.0909,2296.18,415000000.0,98C6433F07
16.0,145.0,17.5,68,8.5,450.0,0.045,1117.56,208000000.0,98C6433F07
16.0,145.0,17.5,68,8.5,450.0,0.001,24.62,4530000.0,98C6433F07
15.5,140.0,17.0,66,8.25,435.0,0.5586,14207.88,2730000000.0,9165331B15
15.5,140.0,17.0,66,8.25,435.0,0.54463,13366.12,2670000000.0,9165331B15
15.5,140.0,17.0,66,8.25,435.0,0.53067,13554.31,2460000000.0,9165331B15
15.5,140.0,17.0,66,8.25,435.0,0.5167,13032.56,2610000000.0,9165331B15
15.5,140.0,17.0,66,8.25,435.0,0.50274,12813.84,2530000000.0,9165331B15
15.5,140.0,17.0,66,8.25,435.0,0.48877,11980.72,2360000000.0,9165331B15
15.5,140.0,17.0,66,8.25,435.0,0.47481,11928.82,2370000000.0,9165331B15
15.5,140.0,17.0,66,8.25,435.0,0.45423,11466.02,2210000000.0,9165331B15
15.5,140.0,17.0,66,8.25,435.0,0.43365,10988.53,2110000000.0,9165331B15
15.5,140.0,17.0,66,8.25,435.0,0.41307,10397.86,1970000000.0,9165331B15
15.5,140.0,17.0,66,8.25,435.0,0.39249,9723.57,1900000000.0,9165331B15
15.5,140.0,17.0,66,8.25,435.0,0.37191,9288.57,1780000000.0,9165331B15
15.5,140.0,17.0,66,8.25,435.0,0.35133,8871.27,1600000000.0,9165331B15
15.5,140.0,17.0,66,8.25,435.0,0.33075,8172.7,1560000000.0,9165331B15
15.5,140.0,17.0,66,8.25,435.0,0.31017,7845.04,1540000000.0,9165331B15
15.5,140.0,17.0,66,8.25,435.0,0.28959,7175.35,1410000000.0,9165331B15
15.5,140.0,17.0,66,8.25,435.0,0.26901,6756.61,1270000000.0,9165331B15
15.5,140.0,17.0,66,8.25,435.0,0.24843,6214.47,1230000000.0,9165331B15
15.5,140.0,17.0,66,8.25,435.0,0.22785,5752.59,1110000000.0,9165331B15
15.5,140.0,17.0,66,8.25,435.0,0.20727,5231.41,1040000000.0,9165331B15
15.5,140.0,17.0,66,8.25,435.0,0.18669,4695.97,906000000.0,9165331B15
15.5,140.0,17.0,66,8.25,435.0,0.16611,4229.96,807000000.0,9165331B15
15.5,140.0,17.0,66,8.25,435.0,0.14553,3686.84,699000000.0,9165331B15
15.5,140.0,17.0,66,8.25,435.0,0.12495,3132.94,601000000.0,9165331B15
15.5,140.0,17.0,66,8.25,435.0,0.10437,2641.4,527000000.0,9165331B15
15.5,140.0,17.0,66,8.25,435.0,0.0838,2111.72,388000000.0,9165331B15
15.5,140.0,17.0,66,8.25,435.0,0.0414,1048.84,217000000.0,9165331B15
15.5,140.0,17.0,66,8.25,435.0,0.001,25.21,4610000.0,9165331B15
16.5,148.0,18.0,70,8.75,465.0,0.6555,16773.45,2870000000.0,1DD8B72FD3
16.5,148.0,18.0,70,8.75,465.0,0.63583,16316.21,2810000000.0,1DD8B72FD3
16.5,148.0,18.0,70,8.75,465.0,0.61617,15931.65,2570000000.0,1DD8B72FD3
16.5,148.0,18.0,70,8.75,465.0,0.5965,15630.15,2780000000.0,1DD8B72FD3
16.5,148.0,18.0,70,8.75,465.0,0.57684,14793.32,2470000000.0,1DD8B72FD3
16.5,148.0,18.0,70,8.75,465.0,0.55717,14418.2,2460000000.0,1DD8B72FD3
16.5,148.0,18.0,70,8.75,465.0,0.53168,13809.67,2470000000.0,1DD8B72FD3
16.5,148.0,18.0,70,8.75,465.0,0.50619,13038.44,2150000000.0,1DD8B72FD3
16.5,148.0,18.0,70,8.75,465.0,0.4807,12232.69,2020000000.0,1DD8B72FD3
16.5,148.0,18.0,70,8.75,465.0,0.45521,11742.11,2090000000.0,1DD8B72FD3
16.5,148.0,18.0,70,8.75,465.0,0.42972,11030.83,1880000000.0,1DD8B72FD3
16.5,148.0,18.0,70,8.75,465.0,0.40423,10428.73,1820000000.0,1DD8B72FD3
16.5,148.0,18.0,70,8.75,465.0,0.37873,10019.62,1670000000.0,1DD8B72FD3
16.5,148.0,18.0,70,8.75,465.0,0.35324,9070.28,1580000000.0,1DD8B72FD3
16.5,148.0,18.0,70,8.75,465.0,0.32775,8514.79,1520000000.0,1DD8B72FD3
16.5,148.0,18.0,70,8.75,465.0,0.30226,7844.88,1310000000.0,1DD8B72FD3
16.5,148.0,18.0,70,8.75,465.0,0.27677,7183.75,1250000000.0,1DD8B72FD3
16.5,148.0,18.0,70,8.75,465.0,0.25128,6536.99,1120000000.0,1DD8B72FD3
16.5,148.0,18.0,70,8.75,465.0,0.22578,5888.16,1030000000.0,1DD8B72FD3
16.5,148.0,18.0,70,8.75,465.0,0.20029,5239.67,902000000.0,1DD8B72FD3
16.5,148.0,18.0,70,8.75,465.0,0.1748,4502.93,764000000.0,1DD8B72FD3
16.5,148.0,18.0,70,8.75,465.0,0.14931,3899.17,643000000.0,1DD8B72FD3
16.5,148.0,18.0,70,8.75,465.0,0.12382,3206.69,535000000.0,1DD8B72FD3
16.5,148.0,18.0,70,8.75,465.0,0.0983,2537.86,445000000.0,1DD8B72FD3
16.5,148.0,18.0,70,8.75,465.0,0.0487,1258.07,213000000.0,1DD8B72FD3
16.5,148.0,18.0,70,8.75,465.0,0.001,25.45,4400000.0,1DD8B72FD3
17.0,152.0,18.5,72,9.0,480.0,0.7068,18371.94,2860000000.0,7C5855709E
17.0,152.0,18.5,72,9.0,480.0,0.68913,17974.59,2820000000.0,7C5855709E
17.0,152.0,18.5,72,9.0,480.0,0.67146,17460.31,2860000000.0,7C5855709E
17.0,152.0,18.5,72,9.0,480.0,0.65379,17155.8,2670000000.0,7C5855709E
17.0,152.0,18.5,72,9.0,480.0,0.63612,16507.42,2660000000.0,7C5855709E
17.0,152.0,18.5,72,9.0,480.0,0.61845,16217.68,2530000000.0,7C5855709E
17.0,152.0,18.5,72,9.0,480.0,0.60078,15640.75,2620000000.0,7C5855709E
17.0,152.0,18.5,72,9.0,480.0,0.57474,14909.95,2500000000.0,7C5855709E
17.0,152.0,18.5,72,9.0,480.0,0.5487,14476.43,2420000000.0,7C5855709E
17.0,152.0,18.5,72,9.0,480.0,0.52266,13553.08,2140000000.0,7C5855709E
17.0,152.0,18.5,72,9.0,480.0,0.49662,12901.16,2120000000.0,7C5855709E
17.0,152.0,18.5,72,9.0,480.0,0.47058,12210.14,1980000000.0,7C5855709E
17.0,152.0,18.5,72,9.0,480.0,0.44454,11679.02,1850000000.0,7C5855709E
17.0,152.0,18.5,72,9.0,480.0,0.4185,11062.64,1760000000.0,7C5855709E
17.0,152.0,18.5,72,9.0,480.0,0.39246,10326.72,1610000000.0,7C5855709E
17.0,152.0,18.5,72,9.0,480.0,0.36642,9492.61,1540000000.0,7C5855709E
17.0,152.0,18.5,72,9.0,480.0,0.34038,8920.53,1430000000.0,7C5855709E
17.0,152.0,18.5,72,9.0,480.0,0.31434,8174.55,1360000000.0,7C5855709E
17.0,152.0,18.5,72,9.0,480.0,0.2883,7439.22,1140000000.0,7C5855709E
17.0,152.0,18.5,72,9.0,480.0,0.26226,6908.19,1120000000.0,7C5855709E
17.0,152.0,18.5,72,9.0,480.0,0.23622,6186.0,973000000.0,7C5855709E
17.0,152.0,18.5,72,9.0,480.0,0.21018,5512.23,920000000.0,7C5855709E
17.0,152.0,18.5,72,9.0,480.0,0.18414,4926.03,743000000.0,7C5855709E
17.0,152.0,18.5,72,9.0,480.0,0.1581,4108.36,643000000.0,7C5855709E
17.0,152.0,18.5,72,9.0,480.0,0.13206,3502.18,515000000.0,7C5855709E
17.0,152.0,18.5,72,9.0,480.0,0.10602,2780.82,438000000.0,7C5855709E
17.0,152.0,18.5,72,9.0,480.0,0.0525,1392.7,231000000.0,7C5855709E
17.0,152.0,18.5,72,9.0,480.0,0.001,26.19,3960000.0,7C5855709E
16.8,150.0,18.2,71,8.9,475.0,0.68191,17937.6,2830000000.0,31E22D2C96
16.8,150.0,18.2,71,8.9,475.0,0.66145,17476.74,2690000000.0,31E22D2C96
16.8,150.0,18.2,71,8.9,475.0,0.641,16836.47,2730000000.0,31E22D2C96
16.8,150.0,18.2,71,8.9,475.0,0.62054,16231.62,2540000000.0,31E22D2C96
16.8,150.0,18.2,71,8.9,475.0,0.60008,15567.95,2650000000.0,31E22D2C96
16.8,150.0,18.2,71,8.9,475.0,0.57962,15363.92,2550000000.0,31E22D2C96
16.8,150.0,18.2,71,8.9,475.0,0.55154,14579.88,2430000000.0,31E22D2C96
16.8,150.0,18.2,71,8.9,475.0,0.52347,13664.46,2220000000.0,31E22D2C96
16.8,150.0,18.2,71,8.9,475.0,0.49539,12782.42,2070000000.0,31E22D2C96
16.8,150.0,18.2,71,8.9,475.0,0.46731,12382.94,1970000000.0,31E22D2C96
16.8,150.0,18.2,71,8.9,475.0,0.43923,11620.47,1890000000.0,31E22D2C96
16.8,150.0,18.2,71,8.9,475.0,0.41115,10618.27,1670000000.0,31E22D2C96
16.8,150.0,18.2,71,8.9,475.0,0.38307,10124.33,1670000000.0,31E22D2C96
16.8,150.0,18.2,71,8.9,475.0,0.35499,9306.23,1500000000.0,31E22D2C96
16.8,150.0,18.2,71,8.9,475.0,0.32692,8579.46,1430000000.0,31E22D2C96
16.8,150.0,18.2,71,8.9,475.0,0.29884,7941.59,1350000000.0,31E22D2C96
16.8,150.0,18.2,71,8.9,475.0,0.27076,7117.13,1150000000.0,31E22D2C96
16.8,150.0,18.2,71,8.9,475.0,0.24268,6364.71,1050000000.0,31E22D2C96
16.8,150.0,18.2,71,8.9,475.0,0.2146,5649.19,953000000.0,31E22D2C96
16.8,150.0,18.2,71,8.9,475.0,0.18652,4988.09,805000000.0,31E22D2C96
16.8,150.0,18.2,71,8.9,475.0,0.15844,4238.86,712000000.0,31E22D2C96
16.8,150.0,18.2,71,8.9,475.0,0.13037,3410.62,579000000.0,31E22D2C96
16.8,150.0,18.2,71,8.9,475.0,0.10229,2723.88,436000000.0,31E22D2C96
16.8,150.0,18.2,71,8.9,475.0,0.0506,1349.24,226000000.0,31E22D2C96
16.8,150.0,18.2,71,8.9,475.0,0.001,26.81,4300000.0,31E22D2C96
17.2,154.0,19.0,73,9.1,490.0,0.72732,19012.43,2900000000.0,64924BC10B
17.2,154.0,19.0,73,9.1,490.0,0.70914,18436.21,3050000000.0,64924BC10B
17.2,154.0,19.0,73,9.1,490.0,0.69095,18278.27,2870000000.0,64924BC10B
17.2,154.0,19.0,73,9.1,490.0,0.67277,17501.68,2730000000.0,64924BC10B
17.2,154.0,19.0,73,9.1,490.0,0.65459,17126.62,2580000000.0,64924BC10B
17.2,154.0,19.0,73,9.1,490.0,0.6364,16506.76,2430000000.0,64924BC10B
17.2,154.0,19.0,73,9.1,490.0,0.61822,16140.69,2550000000.0,64924BC10B
17.2,154.0,19.0,73,9.1,490.0,0.58994,15266.86,2480000000.0,64924BC10B
17.2,154.0,19.0,73,9.1,490.0,0.56165,14426.43,2140000000.0,64924BC10B
17.2,154.0,19.0,73,9.1,490.0,0.53337,13901.06,2230000000.0,64924BC10B
17.2,154.0,19.0,73,9.1,490.0,0.50508,13355.58,2040000000.0,64924BC10B
17.2,154.0,19.0,73,9.1,490.0,0.4768,12532.62,1940000000.0,64924BC10B
17.2,154.0,19.0,73,9.1,490.0,0.44851,11643.22,1860000000.0,64924BC10B
17.2,154.0,19.0,73,9.1,490.0,0.42023,10999.11,1630000000.0,64924BC10B
17.2,154.0,19.0,73,9.1,490.0,0.39194,10342.79,1670000000.0,64924BC10B
17.2,154.0,19.0,73,9.1,490.0,0.36366,9397.61,1480000000.0,64924BC10B
17.2,154.0,19.0,73,9.1,490.0,0.33538,8764.33,1370000000.0,64924BC10B
17.2,154.0,19.0,73,9.1,490.0,0.30709,7941.77,1210000000.0,64924BC10B
17.2,154.0,19.0,73,9.1,490.0,0.27881,7248.34,1160000000.0,64924BC10B
17.2,154.0,19.0,73,9.1,490.0,0.25052,6550.08,1010000000.0,64924BC10B
17.2,154.0,19.0,73,9.1,490.0,0.22224,5823.74,827000000.0,64924BC10B
17.2,154.0,19.0,73,9.1,490.0,0.19395,5101.55,751000000.0,64924BC10B
17.2,154.0,19.0,73,9.1,490.0,0.16567,4292.47,644000000.0,64924BC10B
17.2,154.0,19.0,73,9.1,490.0,0.13738,3526.3,566000000.0,64924BC10B
17.2,154.0,19.0,73,9.1,490.0,0.1091,2823.76,443000000.0,64924BC10B
17.2,154.0,19.0,73,9.1,490.0,0.054,1404.85,221000000.0,64924BC10B
17.2,154.0,19.0,73,9.1,490.0,0.001,26.02,3880000.0,64924BC10B
8.5,68.0,9.0,36,4.5,240.0,0.0627,2263.98,1330000000.0,4EA9448248
8.5,68.0,9.0,36,4.5,240.0,0.0608,2264.23,1260000000.0,4EA9448248
8.5,68.0,9.0,36,4.5,240.0,0.0589,2119.34,1170000000.0,4EA9448248
8.5,68.0,9.0,36,4.5,240.0,0.0571,2044.63,1230000000.0,4EA9448248
8.5,68.0,9.0,36,4.5,240.0,0.0552,2040.17,1190000000.0,4EA9448248
8.5,68.0,9.0,36,4.5,240.0,0.0533,1932.52,1180000000.0,4EA9448248
8.5,68.0,9.0,36,4.5,240.0,0.0509,1855.99,1110000000.0,4EA9448248
8.5,68.0,9.0,36,4.5,240.0,0.0484,1754.83,1020000000.0,4EA9448248
8.5,68.0,9.0,36,4.5,240.0,0.046,1654.38,975000000.0,4EA9448248
8.5,68.0,9.0,36,4.5,240.0,0.0435,1589.3,894000000.0,4EA9448248
8.5,68.0,9.0,36,4.5,240.0,0.0411,1484.25,900000000.0,4EA9448248
8.5,68.0,9.0,36,4.5,240.0,0.0387,1436.39,825000000.0,4EA9448248
8.5,68.0,9.0,36,4.5,240.0,0.0362,1320.68,773000000.0,4EA9448248
8.5,68.0,9.0,36,4.5,240.0,0.0338,1232.77,677000000.0,4EA9448248
8.5,68.0,9.0,36,4.5,240.0,0.0313,1147.01,622000000.0,4EA9448248
8.5,68.0,9.0,36,4.5,240.0,0.0289,1045.57,614000000.0,4EA9448248
8.5,68.0,9.0,36,4.5,240.0,0.0265,970.24,547000000.0,4EA9448248
8.5,68.0,9.0,36,4.5,240.0,0.024,871.61,495000000.0,4EA9448248
8.5,68.0,9.0,36,4.5,240.0,0.0216,785.98,454000000.0,4EA9448248
8.5,68.0,9.0,36,4.5,240.0,0.0192,702.63,400000000.0,4EA9448248
8.5,68.0,9.0,36,4.5,240.0,0.0167,611.4,359000000.0,4EA9448248
8.5,68.0,9.0,36,4.5,240.0,0.0143,521.33,299000000.0,4EA9448248
8.5,68.0,9.0,36,4.5,240.0,0.0118,432.25,256000000.0,4EA9448248
8.5,68.0,9.0,36,4.5,240.0,0.0094,345.51,211000000.0,4EA9448248
8.5,68.0,9.0,36,4.5,240.0,0.0042,151.59,86500000.0,4EA9448248
8.5,68.0,9.0,36,4.5,240.0,0.001,35.84,21300000.0,4EA9448248
8.8,70.5,9.2,37,4.6,245.0,0.0766,2841.48,1520000000.0,86DAFE1D7B
8.8,70.5,9.2,37,4.6,245.0,0.0743,2738.1,1540000000.0,86DAFE1D7B
8.8,70.5,9.2,37,4.6,245.0,0.072,2659.34,1450000000.0,86DAFE1D7B
8.8,70.5,9.2,37,4.6,245.0,0.0697,2516.89,1320000000.0,86DAFE1D7B
8.8,70.5,9.2,37,4.6,245.0,0.0674,2501.54,1370000000.0,86DAFE1D7B
8.8,70.5,9.2,37,4.6,245.0,0.0651,2408.48,1330000000.0,86DAFE1D7B
8.8,70.5,9.2,37,4.6,245.0,0.0619,2304.73,1240000000.0,86DAFE1D7B
8.8,70.5,9.2,37,4.6,245.0,0.0588,2162.15,1130000000.0,86DAFE1D7B
8.8,70.5,9.2,37,4.6,245.0,0.0556,2017.59,1040000000.0,86DAFE1D7B
8.8,70.5,9.2,37,4.6,245.0,0.0525,1910.81,1080000000.0,86DAFE1D7B
8.8,70.5,9.2,37,4.6,245.0,0.0493,1783.9,955000000.0,86DAFE1D7B
8.8,70.5,9.2,37,4.6,245.0,0.0462,1674.26,888000000.0,86DAFE1D7B
8.8,70.5,9.2,37,4.6,245.0,0.043,1583.04,837000000.0,86DAFE1D7B
8.8,70.5,9.2,37,4.6,245.0,0.0399,1480.48,836000000.0,86DAFE1D7B
8.8,70.5,9.2,37,4.6,245.0,0.0367,1318.35,697000000.0,86DAFE1D7B
8.8,70.5,9.2,37,4.6,245.0,0.0336,1233.57,689000000.0,86DAFE1D7B
8.8,70.5,9.2,37,4.6,245.0,0.0304,1111.93,600000000.0,86DAFE1D7B
8.8,70.5,9.2,37,4.6,245.0,0.0272,989.59,510000000.0,86DAFE1D7B
8.8,70.5,9.2,37,4.6,245.0,0.0241,898.13,459000000.0,86DAFE1D7B
8.8,70.5,9.2,37,4.6,245.0,0.0209,787.41,435000000.0,86DAFE1D7B
8.8,70.5,9.2,37,4.6,245.0,0.0178,658.1,362000000.0,86DAFE1D7B
8.8,70.5,9.2,37,4.6,245.0,0.0146,536.46,293000000.0,86DAFE1D7B
8.8,70.5,9.2,37,4.6,245.0,0.0115,421.18,231000000.0,86DAFE1D7B
8.8,70.5,9.2,37,4.6,245.0,0.00524,192.56,101000000.0,86DAFE1D7B
8.8,70.5,9.2,37,4.6,245.0,0.001,36.42,19100000.0,86DAFE1D7B
